study_id,country,outcome,sample_group,specification_id,reference_event_time,reference_beta,half_life_years,status,interpolated,last_event_time,event_time_basis,source_table,notes
JPN_KONDO_2024,Japan,log_real_annual_earnings_full_time,high_school_1984_2004,table2_col7,2,-0.040,8.333333,interpolated,true,11,bin_midpoint,Table 2,"Descriptive magnitude half-life using grouped experience-bin midpoints; effect remains statistically negative at 10-12 years, so half-life is not fade-out horizon."
JPN_KONDO_2024,Japan,log_real_annual_earnings_full_time,four_year_college_1984_2004,table3_col7,2,-0.030,5.692308,interpolated,true,8,bin_midpoint,Table 3,"Uses monotone negative bins 1-3, 4-6, 7-9 only; 10-12 coefficient turns positive and is excluded from monotone-decay half-life."
USA_KAHN_2010,United States,log_wage,white_male_college_graduates_1979_1989,table4_national_ols,1,-0.059000,13.541667,interpolated,true,15,exact_fitted_year,Table 4,"Half magnitude crosses between years 10 and 15; exact fitted effects from Table 4."
USA_KAHN_2010,United States,log_wage,white_male_college_graduates_1979_1989,table4_national_iv,1,-0.074000,10.833333,interpolated,true,15,exact_fitted_year,Table 4,"IV uses birth-year instruments; half magnitude crosses between years 10 and 15."
USA_KAHN_2010,United States,log_wage,white_male_college_graduates_1979_1989,table4_state_ols,1,-0.023000,,right_censored,,15,exact_fitted_year,Table 4,"Magnitude remains above half of year-1 effect at year 15; point estimates are not statistically significant."
USA_KAHN_2010,United States,log_wage,white_male_college_graduates_1979_1989,table4_state_iv,1,-0.105000,,right_censored,,15,exact_fitted_year,Table 4,"Magnitude remains near initial level through year 15; state IV identifies a different LATE-style margin and is not pooled with national estimates."
FIN_PAALLYS_2017,Finland,log_real_annual_earnings,masters_graduates_1988_2004,table2_all_cohorts,1,-0.021000,9.000000,observed,false,10,exact_year,Table 2,"Half magnitude is reached exactly at year 9 (-0.0105); earnings effect remains statistically significant through year 10."
FIN_PAALLYS_2017,Finland,log_real_annual_earnings,masters_graduates_1988_1995,table3_depression_cohorts,1,-0.010300,6.791667,interpolated,true,10,exact_year,Table 3,"First half-magnitude crossing occurs between years 6 and 7; path is mildly non-monotone and should be treated as descriptive."
FIN_PAALLYS_2017,Finland,log_real_annual_earnings,masters_graduates_1996_2004,table3_post_depression_cohorts,1,-0.023700,3.264706,interpolated,true,10,exact_year,Table 3,"Half magnitude crosses between years 3 and 4; significance at 5% persists through year 5, illustrating half-life != significance horizon."
